dataset_id,dataset_name,layer,granularity,temporal_coverage,source,primary_path,producer_script,consumer_scripts,key_columns,update_cycle,qc_checks
D002,Admin Region Lookup,analysis,adm_cd,2020 boundary,Seoul Commercial Service admin boundary plus Seoul living-area classification,01_Data/03_Processed_Data/02_Analysis_Ready/adm_region_lookup.parquet,02_Code/01_preprocess/01_build_adm_region_lookup.R,02_Code/01_preprocess/05_build_registered_resident_population.R;02_Code/05_reporting/03_build_gtwr_level_artifacts.R;02_Code/06_qc/01_validate_method_dataset_alignment.R;02_Code/06_qc/02_check_processed_parquet_outputs.R,adm_cd,static,425 dong coverage;25 gu coverage;5 living-area coverage;gu expected counts;no quarter key
D003,Seoul Quarter Base,analysis,adm_cd-yq,2019Q1-2025Q4,Seoul Commercial Service,01_Data/03_Processed_Data/02_Analysis_Ready/seoul_quarter_base.parquet,02_Code/01_preprocess/02_build_seoul_quarter_base.R,02_Code/01_preprocess/06_build_analysis_panel.R;02_Code/06_qc/01_validate_method_dataset_alignment.R;02_Code/06_qc/02_check_processed_parquet_outputs.R,adm_cd;yq,quarterly,key uniqueness;quarterly coverage;canonical year quarter yq quarter_index keys
D004,Auxiliary Covariates,analysis,adm_cd-yq and static,mixed years,Public data,01_Data/03_Processed_Data/02_Analysis_Ready/aux_covariates.parquet,02_Code/01_preprocess/03_build_auxiliary_covariates.R,02_Code/01_preprocess/06_build_analysis_panel.R;02_Code/06_qc/01_validate_method_dataset_alignment.R;02_Code/06_qc/02_check_processed_parquet_outputs.R,adm_cd;yq,quarterly and static,coverage by yq;schema stability;source precision notes
D004L,Auxiliary Covariates Lag Support,analysis,adm_cd-yq,2018Q1-2025Q4,Public data,01_Data/03_Processed_Data/02_Analysis_Ready/aux_covariates_lag_support.parquet,02_Code/01_preprocess/03_build_auxiliary_covariates.R,02_Code/01_preprocess/06_build_analysis_panel.R,adm_cd;yq,quarterly and static,coverage by yq;schema stability;2018 support coverage
D004C,Workplace Worker Population,analysis,adm_cd-year,2018-2025 as-of from 2018-2024 source,Seoul business status worker-size by dong,01_Data/03_Processed_Data/02_Analysis_Ready/workplace_worker_population.parquet,02_Code/01_preprocess/03_build_auxiliary_covariates.R,02_Code/01_preprocess/06_build_analysis_panel.R;02_Code/06_qc/01_validate_method_dataset_alignment.R;02_Code/06_qc/02_check_processed_parquet_outputs.R,adm_cd;year,annual source repeated/as-of for quarterly lag support,425 dong coverage;source-year city total parity;Hang-dong backcast flag;2025 carry-forward flag;name harmonization
D004A,Land Price LPI Crosswalk,intermediate,adm_cd-bjd_cd,2020 admin boundary and 2025 legal boundary,Korea Real Estate Board LPI legal-dong surface plus Seoul boundaries,01_Data/03_Processed_Data/01_Intermediate/land_price_lpi_bjd_adm_crosswalk.parquet,02_Code/01_preprocess/03_build_auxiliary_covariates.R,02_Code/01_preprocess/03_build_auxiliary_covariates.R;02_Code/06_qc/03_open_outputs_for_rstudio_review.R,adm_cd;bjd_cd,static spatial crosswalk,legal-dong match;425 admin-dong coverage;normalized weight sum
D004B,Land Price LPI Factor,intermediate,adm_cd-yq,2018Q1-2025Q4,Korea Real Estate Board monthly regional land price index,01_Data/03_Processed_Data/01_Intermediate/land_price_lpi_factor_adm_quarter.parquet,02_Code/01_preprocess/03_build_auxiliary_covariates.R,02_Code/01_preprocess/03_build_auxiliary_covariates.R;02_Code/01_preprocess/06_build_analysis_panel.R;02_Code/06_qc/03_open_outputs_for_rstudio_review.R,adm_cd;yq,monthly LPI to quarterly,3-month factor coverage;legal-dong weight coverage;key uniqueness
D005,Living Population External Inflow,analysis,adm_cd-yq,2019Q1-2025Q4,Seoul Living Population,01_Data/03_Processed_Data/02_Analysis_Ready/living_population_external_inflow.parquet,02_Code/80_optional/preprocess/01_build_living_population_inflow.R,02_Code/01_preprocess/06_build_analysis_panel.R;02_Code/06_qc/01_validate_method_dataset_alignment.R;02_Code/06_qc/02_check_processed_parquet_outputs.R,adm_cd;yq,monthly ZIP to quarterly,member manifest;quarterly coverage;key uniqueness
D005B,Golmok Survival Rate,analysis,adm_cd-yq,2019Q1-2025Q4,Seoul Commercial Service survival JSON,01_Data/03_Processed_Data/02_Analysis_Ready/golmok_survival_rate.parquet,02_Code/01_preprocess/04_build_golmok_survival_rate.R,02_Code/01_preprocess/06_build_analysis_panel.R;02_Code/01_preprocess/07_build_vitality_index.R;02_Code/06_qc/01_validate_method_dataset_alignment.R;02_Code/06_qc/02_check_processed_parquet_outputs.R,adm_cd;yq,JSON 3-year blocks matched to quarters,request raw JSON;quarterly coverage;key uniqueness;small cohort flag
D005C,Registered Resident Population,analysis,adm_cd-yq,2019Q1-2025Q4,MOIS registered population,01_Data/03_Processed_Data/02_Analysis_Ready/registered_resident_population.parquet,02_Code/01_preprocess/05_build_registered_resident_population.R,02_Code/01_preprocess/06_build_analysis_panel.R;02_Code/80_optional/twfe/03_run_twfe_age_mix_experiment.R;02_Code/80_optional/spdm/02_run_spdm_age_mix_experiment.R;02_Code/80_optional/gtwr/02_run_gtwr_age_band.R;02_Code/06_qc/01_validate_method_dataset_alignment.R;02_Code/06_qc/02_check_processed_parquet_outputs.R,adm_cd;yq,monthly 5-year age stock to quarterly,admin-name mapping QC;3-month coverage;key uniqueness;split-boundary allocation flag
D005E,Registered Resident Population Lag Support,analysis,adm_cd-yq,2018Q1-2025Q4,MOIS registered population,01_Data/03_Processed_Data/02_Analysis_Ready/registered_resident_population_lag_support.parquet,02_Code/01_preprocess/05_build_registered_resident_population.R,02_Code/01_preprocess/06_build_analysis_panel.R,adm_cd;yq,monthly 5-year age stock to quarterly,admin-name mapping QC;3-month coverage;key uniqueness;2018 support coverage
D005D,Registered Resident Population Monthly,intermediate,adm_cd-year-month,2018-2025,MOIS registered population,01_Data/03_Processed_Data/01_Intermediate/registered_resident_population_monthly.parquet,02_Code/01_preprocess/05_build_registered_resident_population.R,02_Code/01_preprocess/05_build_registered_resident_population.R;02_Code/06_qc/03_open_outputs_for_rstudio_review.R,adm_cd;year;month,monthly stock,age-band sum check;monthly coverage
D028,Medical Source Preagg,intermediate,record-level pre-aggregation,2019-2025,Public data,01_Data/03_Processed_Data/01_Intermediate/medical_source_preagg.parquet,02_Code/01_preprocess/03_build_auxiliary_covariates.R,02_Code/01_preprocess/03_build_auxiliary_covariates.R;02_Code/06_qc/03_open_outputs_for_rstudio_review.R,medical_record_id,irregular permit records,geocoded permit records before annual status aggregation
D029,Mall Source Preagg,intermediate,record-level pre-aggregation,2019-2025,Public data,01_Data/03_Processed_Data/01_Intermediate/mall_source_preagg.parquet,02_Code/01_preprocess/03_build_auxiliary_covariates.R,02_Code/01_preprocess/03_build_auxiliary_covariates.R;02_Code/06_qc/03_open_outputs_for_rstudio_review.R,mall_record_id,irregular permit records,geocoded permit records before annual status aggregation
D030,Senior Source Preagg,intermediate,record-level pre-aggregation,static source expanded only at aggregation step,Public data,01_Data/03_Processed_Data/01_Intermediate/senior_source_preagg.parquet,02_Code/01_preprocess/03_build_auxiliary_covariates.R,02_Code/01_preprocess/03_build_auxiliary_covariates.R;02_Code/06_qc/03_open_outputs_for_rstudio_review.R,senior_record_id,static facility records,deduplicated facility records before annual count aggregation
D031,Bus Stop Source Preagg,intermediate,record-level pre-aggregation,2019-2025,Public data,01_Data/03_Processed_Data/01_Intermediate/bus_stop_source_preagg.parquet,02_Code/01_preprocess/03_build_auxiliary_covariates.R,02_Code/01_preprocess/03_build_auxiliary_covariates.R;02_Code/06_qc/03_open_outputs_for_rstudio_review.R,bus_stop_id,mixed frequency snapshots,geocoded bus stops before quarterly accessibility aggregation
D032,Subway Station Source Preagg,intermediate,record-level pre-aggregation,2019-2025,Public data,01_Data/03_Processed_Data/01_Intermediate/subway_station_source_preagg.parquet,02_Code/01_preprocess/03_build_auxiliary_covariates.R,02_Code/01_preprocess/03_build_auxiliary_covariates.R;02_Code/06_qc/03_open_outputs_for_rstudio_review.R,subway_station_id,static master with opening dates,subway stations before quarterly accessibility aggregation
D030B,Apartment Registry Source Preagg,intermediate,record-level pre-aggregation,2019-2025,Public data,01_Data/03_Processed_Data/01_Intermediate/apartment_registry_source_preagg.parquet,02_Code/01_preprocess/03_build_auxiliary_covariates.R,02_Code/01_preprocess/03_build_auxiliary_covariates.R;02_Code/06_qc/03_open_outputs_for_rstudio_review.R,apartment_id,static registry,geocoded apartments before annual aggregation
D030C,Senior Geocode Cache,intermediate,record-level pre-aggregation,static,Public data,01_Data/03_Processed_Data/01_Intermediate/senior_geocode_cache.parquet,02_Code/01_preprocess/03_build_auxiliary_covariates.R,02_Code/01_preprocess/03_build_auxiliary_covariates.R;02_Code/06_qc/03_open_outputs_for_rstudio_review.R,address,static geocoding cache,persisted geocodes for senior welfare facilities
D028B,Medical Geocode Cache,intermediate,record-level pre-aggregation,static,Public data,01_Data/03_Processed_Data/01_Intermediate/medical_geocode_cache.parquet,02_Code/01_preprocess/03_build_auxiliary_covariates.R,02_Code/01_preprocess/03_build_auxiliary_covariates.R;02_Code/06_qc/03_open_outputs_for_rstudio_review.R,address,static geocoding cache,persisted geocodes for hospitals and clinics
D029B,Mall Geocode Cache,intermediate,record-level pre-aggregation,static,Public data,01_Data/03_Processed_Data/01_Intermediate/mall_geocode_cache.parquet,02_Code/01_preprocess/03_build_auxiliary_covariates.R,02_Code/01_preprocess/03_build_auxiliary_covariates.R;02_Code/06_qc/03_open_outputs_for_rstudio_review.R,address,static geocoding cache,persisted geocodes for large-scale retail stores
D030D,Apartment Geocode Cache,intermediate,record-level pre-aggregation,static,Public data,01_Data/03_Processed_Data/01_Intermediate/apartment_geocode_cache.parquet,02_Code/01_preprocess/03_build_auxiliary_covariates.R,02_Code/01_preprocess/03_build_auxiliary_covariates.R;02_Code/06_qc/03_open_outputs_for_rstudio_review.R,address,static geocoding cache,persisted geocodes for apartments
D033,Walk Betweenness Cache,analysis,adm_cd,static walk network snapshot,Public data,01_Data/03_Processed_Data/02_Analysis_Ready/walk_betweenness_local800_len_v1.parquet,02_Code/01_preprocess/03_build_auxiliary_covariates.R,02_Code/01_preprocess/03_build_auxiliary_covariates.R;02_Code/06_qc/03_open_outputs_for_rstudio_review.R,adm_cd,refresh when walk spec changes,spec metadata match;full adm coverage after successful run
D022,Panel Merged Base,panel,adm_cd-yq,2019Q1-2025Q4 panel;2019Q4-2025Q4 analysis,Integrated,01_Data/03_Processed_Data/03_Panel/panel_merged_base.parquet,02_Code/01_preprocess/06_build_analysis_panel.R,02_Code/06_qc/01_validate_method_dataset_alignment.R;02_Code/06_qc/03_open_outputs_for_rstudio_review.R,adm_cd;yq,quarterly,key uniqueness;join parity
D023,Main Panel Pre-Vitality,panel,adm_cd-yq,2019Q1-2025Q4 panel;2019Q4-2025Q4 analysis,Integrated,01_Data/03_Processed_Data/03_Panel/panel_main_pre_vitality.parquet,02_Code/01_preprocess/06_build_analysis_panel.R,02_Code/01_preprocess/07_build_vitality_index.R;02_Code/06_qc/01_validate_method_dataset_alignment.R;02_Code/06_qc/02_check_processed_parquet_outputs.R;02_Code/06_qc/03_open_outputs_for_rstudio_review.R,adm_cd;yq,quarterly,key uniqueness;row parity with final panel;approved lag coverage;forbidden unregistered temporal-derived column check
D006,Main Panel,panel,adm_cd-yq,2019Q1-2025Q4 panel;2019Q4-2025Q4 analysis,Integrated,01_Data/03_Processed_Data/03_Panel/panel_main.parquet,02_Code/01_preprocess/07_build_vitality_index.R,02_Code/02_esda/02_run_esda.R;02_Code/03_models/01_run_twfe_main.R;02_Code/80_optional/twfe/02_run_twfe_interaction_models.R;02_Code/03_models/02_run_spdm_main.R;02_Code/80_optional/spdm/07_run_spdm_channel_path.R;02_Code/80_optional/spdm/01_run_spdm_interaction_models.R;02_Code/04_robustness/01_run_spdm_w_robustness.R;02_Code/80_optional/spdm/05_run_spdm_family_comparison_sidecar.R;02_Code/03_models/03_run_gtwr_main.R;02_Code/80_optional/gtwr/06_select_gtwr_bandwidth.R;02_Code/80_optional/gtwr/07_run_gtwr_bandwidth_sensitivity.R;02_Code/80_optional/gtwr/08_run_gtwr_lamda_sensitivity.R;02_Code/04_robustness/02_run_robustness.R;02_Code/05_reporting/01_make_tables_figures.R;02_Code/06_qc/01_validate_method_dataset_alignment.R;02_Code/06_qc/02_check_processed_parquet_outputs.R;02_Code/06_qc/03_open_outputs_for_rstudio_review.R,adm_cd;yq,quarterly,key uniqueness;missingness;canonical quarter columns retained;analysis readers filter to 2019Q4-2025Q4
D042,Vitality Components,panel,adm_cd-yq,2019Q1-2025Q4,Derived (vitality sub-index and composite component table),01_Data/03_Processed_Data/03_Panel/vitality_components.parquet,02_Code/01_preprocess/07_build_vitality_index.R,02_Code/06_qc/02_check_processed_parquet_outputs.R;02_Code/06_qc/03_open_outputs_for_rstudio_review.R,adm_cd;yq,quarterly,core component presence (FAIL if index generation impossible)
D007,Spatial Weights,panel,adm_cd graph,2020 admin-dong boundary,Derived spatial,01_Data/03_Processed_Data/03_Panel/W_queen.rds;01_Data/03_Processed_Data/03_Panel/W_rook.rds;01_Data/03_Processed_Data/03_Panel/W_knn6.rds;01_Data/03_Processed_Data/03_Panel/W_knn8.rds,02_Code/02_esda/01_build_spatial_weights.R,02_Code/02_esda/02_run_esda.R;02_Code/03_models/02_run_spdm_main.R;02_Code/80_optional/spdm/07_run_spdm_channel_path.R;02_Code/80_optional/spdm/01_run_spdm_interaction_models.R;02_Code/04_robustness/01_run_spdm_w_robustness.R;02_Code/04_robustness/02_run_robustness.R,node_id,static,connectivity;isolates
D010,Method Dataset Contract Check,log,check_id-row,run-time QC,Derived QC,03_Output/04_Logs/method_dataset_contract_check.csv,02_Code/06_qc/01_validate_method_dataset_alignment.R,02_Code/run_all.R,check_id,per run,required dataset existence;required output existence;quarterly time-range contract
D012,Land Price Imputation QC,log,year-row,run-time QC,Derived QC,03_Output/04_Logs/land_price_imputation_qc.csv,02_Code/01_preprocess/03_build_auxiliary_covariates.R,02_Code/01_preprocess/06_build_analysis_panel.R;02_Code/06_qc/01_validate_method_dataset_alignment.R,year,per run,observed vs imputed coverage by year
D013,Panel Join Coverage QC,log,year-variable,run-time QC,Derived QC,03_Output/04_Logs/panel_join_coverage_qc.csv,02_Code/01_preprocess/06_build_analysis_panel.R,02_Code/06_qc/01_validate_method_dataset_alignment.R,source;year;variable,per run,post-join non-missing share by variable and year
D014,Panel Quarter Aggregation QC,log,variable-row,run-time QC,Derived QC,03_Output/04_Logs/panel_quarter_aggregation_qc.csv,02_Code/01_preprocess/02_build_seoul_quarter_base.R,02_Code/01_preprocess/06_build_analysis_panel.R;02_Code/06_qc/01_validate_method_dataset_alignment.R,variable,per run,quarterly publication rule compliance;coverage consistency;quarter keys retained
D015,Vitality Component QC,log,component-row,run-time QC,Derived QC,03_Output/04_Logs/vitality_component_qc.csv,02_Code/01_preprocess/07_build_vitality_index.R,02_Code/06_qc/01_validate_method_dataset_alignment.R,component,per run,required component presence;finite-value checks
D037,Living Population Inflow Manifest,log,zip-member-row,run-time QC,Derived QC,03_Output/04_Logs/living_population_inflow_manifest.csv,02_Code/80_optional/preprocess/01_build_living_population_inflow.R,02_Code/01_preprocess/06_build_analysis_panel.R,dataset;file_path;member_name,per run,success skipped error status;rows read and used;month_success_days;month_expected_days;month_coverage_flag
D038,Living Population Inflow QC,log,yq-variable-row,run-time QC,Derived QC,03_Output/04_Logs/living_population_inflow_qc.csv,02_Code/80_optional/preprocess/01_build_living_population_inflow.R,02_Code/01_preprocess/06_build_analysis_panel.R,variable;yq,per run,finite coverage;missing count;value range
D039,Golmok Survival Rate QC,log,run-row,run-time QC,Derived QC,03_Output/04_Logs/golmok_survival_rate_qc.csv,02_Code/01_preprocess/04_build_golmok_survival_rate.R,02_Code/01_preprocess/06_build_analysis_panel.R;02_Code/01_preprocess/07_build_vitality_index.R,run_ts,per run,key uniqueness;quarterly coverage;rate range;small cohort count;ratio recomputation diff
D040,Registered Resident Population Mapping QC,log,source-year-admin-row,run-time QC,Derived QC,03_Output/04_Logs/registered_resident_population_mapping_qc.csv,02_Code/01_preprocess/05_build_registered_resident_population.R,02_Code/01_preprocess/05_build_registered_resident_population.R;02_Code/01_preprocess/06_build_analysis_panel.R,source_year;gu_name;dong_name_raw,per run,source administrative name to canonical adm_cd mapping status
D041,Registered Resident Population QC,log,yq-row,run-time QC,Derived QC,03_Output/04_Logs/registered_resident_population_qc.csv,02_Code/01_preprocess/05_build_registered_resident_population.R,02_Code/01_preprocess/06_build_analysis_panel.R;02_Code/06_qc/01_validate_method_dataset_alignment.R,scope;yq,per run,key uniqueness;3-month coverage;age60 share range;age-sum diff;split-boundary allocation count
D018,Processed Parquet QC Checks,log,check_id-row,run-time QC,Derived QC,03_Output/04_Logs/processed_parquet_qc_checks.csv,02_Code/06_qc/02_check_processed_parquet_outputs.R,manual_qc_review,check_id,manual run,processed outputs integrity;coverage;schema checks
D034,Processed Parquet Inventory,log,file_path-row,run-time QC,Derived QC,03_Output/04_Logs/processed_parquet_inventory.csv,02_Code/06_qc/02_check_processed_parquet_outputs.R,manual_qc_review;02_Code/06_qc/03_open_outputs_for_rstudio_review.R,file_path,manual run,processed parquet presence and readability inventory
D035,Processed Parquet Schema,log,file_path-column,run-time QC,Derived QC,03_Output/04_Logs/processed_parquet_schema.csv,02_Code/06_qc/02_check_processed_parquet_outputs.R,manual_qc_review;02_Code/06_qc/03_open_outputs_for_rstudio_review.R,file_path;column_name,manual run,processed parquet schema coverage by file
D036,Processed Parquet Missing Summary,log,file_path-variable,run-time QC,Derived QC,03_Output/04_Logs/processed_parquet_missing_summary.csv,02_Code/06_qc/02_check_processed_parquet_outputs.R,manual_qc_review;02_Code/06_qc/03_open_outputs_for_rstudio_review.R,file_path;variable,manual run,processed parquet missingness profile by file and variable
